<?xml version="1.0"?><Products><Product Code="test"><Description>Java 4 You!</Description><Amount>600</Amount><Price>99.95</Price><Discount>n</Discount><Company>NU Huskey Express</Company></Product><Product Code="code"><Description></Description><Amount>55</Amount><Price>55.99</Price><Discount>n</Discount><Company></Company></Product><Product Code="xxx"><Description></Description><Amount>99</Amount><Price>33.44</Price><Discount>n</Discount><Company></Company></Product><Product Code="YYY"><Description></Description><Amount>120</Amount><Price>9.99</Price><Discount>y</Discount><Company></Company></Product><Product Code="test"><Description>BHCC Java Emporium</Description><Amount>550</Amount><Price>45.95</Price><Discount>y</Discount><Company></Company></Product></Products>