<?xml version="1.0"?><Products><Product Code="BBKing"><ID>008</ID><Description>Live and where is Elton?</Description><Amount>78</Amount><Price>34.88</Price><Discount>y</Discount></Product><Product Code="jsp"><ID>354</ID><Description>JSP For You and Me!</Description><Amount>99</Amount><Price>123.45</Price><Discount>y</Discount></Product><Product Code="11"><ID>2244</ID><Description>C#.NET</Description><Amount>55</Amount><Price>88.99</Price><Discount>y</Discount></Product><Product Code="BBKing"><ID>009</ID><Description>Still no Elton?</Description><Amount>99</Amount><Price>56.78</Price><Discount>y</Discount></Product></Products>